{
    "person": {
        "true_pos": 2583,
        "false_pos": 1221,
        "true_neg": 1104,
        "false_neg": 44,
        "recall": 0.9832508564902931,
        "precision": 0.6790220820189274,
        "f1": 0.8032965324210853
    },
    "bicycle": {
        "true_pos": 72,
        "false_pos": 161,
        "true_neg": 4665,
        "false_neg": 54,
        "recall": 0.5714285714285714,
        "precision": 0.3090128755364807,
        "f1": 0.4011142061281337
    },
    "car": {
        "true_pos": 467,
        "false_pos": 671,
        "true_neg": 3759,
        "false_neg": 55,
        "recall": 0.8946360153256705,
        "precision": 0.4103690685413005,
        "f1": 0.5626506024096386
    },
    "motorcycle": {
        "true_pos": 125,
        "false_pos": 68,
        "true_neg": 4736,
        "false_neg": 23,
        "recall": 0.8445945945945946,
        "precision": 0.6476683937823834,
        "f1": 0.7331378299120235
    },
    "airplane": {
        "true_pos": 103,
        "false_pos": 15,
        "true_neg": 4824,
        "false_neg": 10,
        "recall": 0.911504424778761,
        "precision": 0.8728813559322034,
        "f1": 0.8917748917748918
    },
    "bus": {
        "true_pos": 125,
        "false_pos": 119,
        "true_neg": 4685,
        "false_neg": 23,
        "recall": 0.8445945945945946,
        "precision": 0.5122950819672131,
        "f1": 0.6377551020408163
    },
    "train": {
        "true_pos": 134,
        "false_pos": 11,
        "true_neg": 4795,
        "false_neg": 12,
        "recall": 0.9178082191780822,
        "precision": 0.9241379310344827,
        "f1": 0.9209621993127147
    },
    "truck": {
        "true_pos": 223,
        "false_pos": 536,
        "true_neg": 4143,
        "false_neg": 50,
        "recall": 0.8168498168498168,
        "precision": 0.2938076416337286,
        "f1": 0.4321705426356589
    },
    "boat": {
        "true_pos": 113,
        "false_pos": 281,
        "true_neg": 4532,
        "false_neg": 26,
        "recall": 0.8129496402877698,
        "precision": 0.2868020304568528,
        "f1": 0.42401500938086306
    },
    "traffic light": {
        "true_pos": 164,
        "false_pos": 343,
        "true_neg": 4417,
        "false_neg": 28,
        "recall": 0.8541666666666666,
        "precision": 0.3234714003944773,
        "f1": 0.46924177396280403
    },
    "fire hydrant": {
        "true_pos": 54,
        "false_pos": 115,
        "true_neg": 4760,
        "false_neg": 23,
        "recall": 0.7012987012987013,
        "precision": 0.31952662721893493,
        "f1": 0.43902439024390244
    },
    "stop sign": {
        "true_pos": 55,
        "false_pos": 97,
        "true_neg": 4780,
        "false_neg": 20,
        "recall": 0.7333333333333333,
        "precision": 0.3618421052631579,
        "f1": 0.4845814977973568
    },
    "parking meter": {
        "true_pos": 5,
        "false_pos": 29,
        "true_neg": 4886,
        "false_neg": 32,
        "recall": 0.13513513513513514,
        "precision": 0.14705882352941177,
        "f1": 0.14084507042253522
    },
    "bench": {
        "true_pos": 163,
        "false_pos": 850,
        "true_neg": 3870,
        "false_neg": 69,
        "recall": 0.7025862068965517,
        "precision": 0.16090819348469892,
        "f1": 0.26184738955823295
    },
    "bird": {
        "true_pos": 108,
        "false_pos": 597,
        "true_neg": 4224,
        "false_neg": 23,
        "recall": 0.8244274809160306,
        "precision": 0.15319148936170213,
        "f1": 0.2583732057416268
    },
    "cat": {
        "true_pos": 173,
        "false_pos": 16,
        "true_neg": 4744,
        "false_neg": 19,
        "recall": 0.9010416666666666,
        "precision": 0.9153439153439153,
        "f1": 0.9081364829396326
    },
    "dog": {
        "true_pos": 152,
        "false_pos": 240,
        "true_neg": 4529,
        "false_neg": 31,
        "recall": 0.8306010928961749,
        "precision": 0.3877551020408163,
        "f1": 0.528695652173913
    },
    "horse": {
        "true_pos": 108,
        "false_pos": 34,
        "true_neg": 4800,
        "false_neg": 10,
        "recall": 0.9152542372881356,
        "precision": 0.7605633802816901,
        "f1": 0.8307692307692308
    },
    "sheep": {
        "true_pos": 67,
        "false_pos": 154,
        "true_neg": 4725,
        "false_neg": 6,
        "recall": 0.9178082191780822,
        "precision": 0.3031674208144796,
        "f1": 0.4557823129251701
    },
    "cow": {
        "true_pos": 77,
        "false_pos": 432,
        "true_neg": 4436,
        "false_neg": 7,
        "recall": 0.9166666666666666,
        "precision": 0.1512770137524558,
        "f1": 0.2596964586846543
    },
    "elephant": {
        "true_pos": 91,
        "false_pos": 3,
        "true_neg": 4856,
        "false_neg": 2,
        "recall": 0.978494623655914,
        "precision": 0.9680851063829787,
        "f1": 0.9732620320855615
    },
    "bear": {
        "true_pos": 28,
        "false_pos": 82,
        "true_neg": 4841,
        "false_neg": 1,
        "recall": 0.9655172413793104,
        "precision": 0.2545454545454545,
        "f1": 0.4028776978417266
    },
    "zebra": {
        "true_pos": 75,
        "false_pos": 85,
        "true_neg": 4789,
        "false_neg": 3,
        "recall": 0.9615384615384616,
        "precision": 0.46875,
        "f1": 0.6302521008403361
    },
    "giraffe": {
        "true_pos": 111,
        "false_pos": 70,
        "true_neg": 4769,
        "false_neg": 2,
        "recall": 0.9823008849557522,
        "precision": 0.6132596685082873,
        "f1": 0.7551020408163265
    },
    "backpack": {
        "true_pos": 134,
        "false_pos": 657,
        "true_neg": 4083,
        "false_neg": 78,
        "recall": 0.6320754716981132,
        "precision": 0.16940581542351454,
        "f1": 0.26719840478564305
    },
    "umbrella": {
        "true_pos": 114,
        "false_pos": 50,
        "true_neg": 4737,
        "false_neg": 51,
        "recall": 0.6909090909090909,
        "precision": 0.6951219512195121,
        "f1": 0.6930091185410334
    },
    "handbag": {
        "true_pos": 190,
        "false_pos": 500,
        "true_neg": 4164,
        "false_neg": 98,
        "recall": 0.6597222222222222,
        "precision": 0.2753623188405797,
        "f1": 0.3885480572597137
    },
    "tie": {
        "true_pos": 108,
        "false_pos": 112,
        "true_neg": 4679,
        "false_neg": 53,
        "recall": 0.6708074534161491,
        "precision": 0.4909090909090909,
        "f1": 0.5669291338582677
    },
    "suitcase": {
        "true_pos": 73,
        "false_pos": 59,
        "true_neg": 4783,
        "false_neg": 37,
        "recall": 0.6636363636363637,
        "precision": 0.553030303030303,
        "f1": 0.6033057851239669
    },
    "frisbee": {
        "true_pos": 77,
        "false_pos": 77,
        "true_neg": 4790,
        "false_neg": 8,
        "recall": 0.9058823529411765,
        "precision": 0.5,
        "f1": 0.6443514644351465
    },
    "skis": {
        "true_pos": 114,
        "false_pos": 54,
        "true_neg": 4780,
        "false_neg": 4,
        "recall": 0.9661016949152542,
        "precision": 0.6785714285714286,
        "f1": 0.7972027972027972
    },
    "snowboard": {
        "true_pos": 61,
        "false_pos": 106,
        "true_neg": 4781,
        "false_neg": 4,
        "recall": 0.9384615384615385,
        "precision": 0.3652694610778443,
        "f1": 0.5258620689655172
    },
    "sports ball": {
        "true_pos": 145,
        "false_pos": 247,
        "true_neg": 4535,
        "false_neg": 25,
        "recall": 0.8529411764705882,
        "precision": 0.36989795918367346,
        "f1": 0.5160142348754448
    },
    "kite": {
        "true_pos": 81,
        "false_pos": 78,
        "true_neg": 4787,
        "false_neg": 6,
        "recall": 0.9310344827586207,
        "precision": 0.5094339622641509,