{
    "person": {
        "true_pos": 2439,
        "false_pos": 43,
        "true_neg": 2282,
        "false_neg": 188,
        "recall": 0.9284354777312523,
        "precision": 0.9826752618855762,
        "f1": 0.9547856723429242
    },
    "bicycle": {
        "true_pos": 9,
        "false_pos": 0,
        "true_neg": 4826,
        "false_neg": 117,
        "recall": 0.07142857142857142,
        "precision": 1.0,
        "f1": 0.13333333333333333
    },
    "car": {
        "true_pos": 385,
        "false_pos": 35,
        "true_neg": 4395,
        "false_neg": 137,
        "recall": 0.7375478927203065,
        "precision": 0.9166666666666666,
        "f1": 0.8174097664543525
    },
    "motorcycle": {
        "true_pos": 116,
        "false_pos": 3,
        "true_neg": 4801,
        "false_neg": 32,
        "recall": 0.7837837837837838,
        "precision": 0.9747899159663865,
        "f1": 0.8689138576779026
    },
    "airplane": {
        "true_pos": 103,
        "false_pos": 2,
        "true_neg": 4837,
        "false_neg": 10,
        "recall": 0.911504424778761,
        "precision": 0.9809523809523809,
        "f1": 0.944954128440367
    },
    "bus": {
        "true_pos": 103,
        "false_pos": 4,
        "true_neg": 4800,
        "false_neg": 45,
        "recall": 0.6959459459459459,
        "precision": 0.9626168224299065,
        "f1": 0.807843137254902
    },
    "train": {
        "true_pos": 128,
        "false_pos": 6,
        "true_neg": 4800,
        "false_neg": 18,
        "recall": 0.8767123287671232,
        "precision": 0.9552238805970149,
        "f1": 0.9142857142857143
    },
    "truck": {
        "true_pos": 103,
        "false_pos": 12,
        "true_neg": 4667,
        "false_neg": 170,
        "recall": 0.3772893772893773,
        "precision": 0.8956521739130435,
        "f1": 0.5309278350515464
    },
    "boat": {
        "true_pos": 87,
        "false_pos": 0,
        "true_neg": 4813,
        "false_neg": 52,
        "recall": 0.6258992805755396,
        "precision": 1.0,
        "f1": 0.7699115044247787
    },
    "traffic light": {
        "true_pos": 99,
        "false_pos": 5,
        "true_neg": 4755,
        "false_neg": 93,
        "recall": 0.515625,
        "precision": 0.9519230769230769,
        "f1": 0.668918918918919
    },
    "fire hydrant": {
        "true_pos": 23,
        "false_pos": 1,
        "true_neg": 4874,
        "false_neg": 54,
        "recall": 0.2987012987012987,
        "precision": 0.9583333333333334,
        "f1": 0.45544554455445546
    },
    "stop sign": {
        "true_pos": 27,
        "false_pos": 0,
        "true_neg": 4877,
        "false_neg": 48,
        "recall": 0.36,
        "precision": 1.0,
        "f1": 0.5294117647058824
    },
    "parking meter": {
        "true_pos": 0,
        "false_pos": 0,
        "true_neg": 4915,
        "false_neg": 37,
        "recall": 0.0,
        "precision": 0,
        "f1": 0.0
    },
    "bench": {
        "true_pos": 66,
        "false_pos": 2,
        "true_neg": 4718,
        "false_neg": 166,
        "recall": 0.28448275862068967,
        "precision": 0.9705882352941176,
        "f1": 0.44
    },
    "bird": {
        "true_pos": 82,
        "false_pos": 1,
        "true_neg": 4820,
        "false_neg": 49,
        "recall": 0.6259541984732825,
        "precision": 0.9879518072289156,
        "f1": 0.7663551401869159
    },
    "cat": {
        "true_pos": 166,
        "false_pos": 8,
        "true_neg": 4752,
        "false_neg": 26,
        "recall": 0.8645833333333334,
        "precision": 0.9540229885057471,
        "f1": 0.907103825136612
    },
    "dog": {
        "true_pos": 129,
        "false_pos": 6,
        "true_neg": 4763,
        "false_neg": 54,
        "recall": 0.7049180327868853,
        "precision": 0.9555555555555556,
        "f1": 0.8113207547169812
    },
    "horse": {
        "true_pos": 95,
        "false_pos": 3,
        "true_neg": 4831,
        "false_neg": 23,
        "recall": 0.8050847457627118,
        "precision": 0.9693877551020408,
        "f1": 0.8796296296296297
    },
    "sheep": {
        "true_pos": 0,
        "false_pos": 0,
        "true_neg": 4879,
        "false_neg": 73,
        "recall": 0.0,
        "precision": 0,
        "f1": 0.0
    },
    "cow": {
        "true_pos": 0,
        "false_pos": 0,
        "true_neg": 4868,
        "false_neg": 84,
        "recall": 0.0,
        "precision": 0,
        "f1": 0.0
    },
    "elephant": {
        "true_pos": 89,
        "false_pos": 0,
        "true_neg": 4859,
        "false_neg": 4,
        "recall": 0.956989247311828,
        "precision": 1.0,
        "f1": 0.978021978021978
    },
    "bear": {
        "true_pos": 18,
        "false_pos": 0,
        "true_neg": 4923,
        "false_neg": 11,
        "recall": 0.6206896551724138,
        "precision": 1.0,
        "f1": 0.7659574468085106
    },
    "zebra": {
        "true_pos": 73,
        "false_pos": 0,
        "true_neg": 4874,
        "false_neg": 5,
        "recall": 0.9358974358974359,
        "precision": 1.0,
        "f1": 0.9668874172185431
    },
    "giraffe": {
        "true_pos": 110,
        "false_pos": 0,
        "true_neg": 4839,
        "false_neg": 3,
        "recall": 0.9734513274336283,
        "precision": 1.0,
        "f1": 0.9865470852017937
    },
    "backpack": {
        "true_pos": 13,
        "false_pos": 3,
        "true_neg": 4737,
        "false_neg": 199,
        "recall": 0.06132075471698113,
        "precision": 0.8125,
        "f1": 0.11403508771929824
    },
    "umbrella": {
        "true_pos": 95,
        "false_pos": 2,
        "true_neg": 4785,
        "false_neg": 70,
        "recall": 0.5757575757575758,
        "precision": 0.979381443298969,
        "f1": 0.7251908396946565
    },
    "handbag": {
        "true_pos": 42,
        "false_pos": 11,
        "true_neg": 4653,
        "false_neg": 246,
        "recall": 0.14583333333333334,
        "precision": 0.7924528301886793,
        "f1": 0.24633431085043989
    },
    "tie": {
        "true_pos": 90,
        "false_pos": 10,
        "true_neg": 4781,
        "false_neg": 71,
        "recall": 0.5590062111801242,
        "precision": 0.9,
        "f1": 0.6896551724137931
    },
    "suitcase": {
        "true_pos": 43,
        "false_pos": 1,
        "true_neg": 4841,
        "false_neg": 67,
        "recall": 0.39090909090909093,
        "precision": 0.9772727272727273,
        "f1": 0.5584415584415584
    },
    "frisbee": {
        "true_pos": 65,
        "false_pos": 1,
        "true_neg": 4866,
        "false_neg": 20,
        "recall": 0.7647058823529411,
        "precision": 0.9848484848484849,
        "f1": 0.8609271523178808
    },
    "skis": {
        "true_pos": 104,
        "false_pos": 6,
        "true_neg": 4828,
        "false_neg": 14,
        "recall": 0.8813559322033898,
        "precision": 0.9454545454545454,
        "f1": 0.9122807017543859
    },
    "snowboard": {
        "true_pos": 45,
        "false_pos": 2,
        "true_neg": 4885,
        "false_neg": 20,
        "recall": 0.6923076923076923,
        "precision": 0.9574468085106383,
        "f1": 0.8035714285714286
    },
    "sports ball": {
        "true_pos": 100,
        "false_pos": 15,
        "true_neg": 4767,
        "false_neg": 70,
        "recall": 0.5882352941176471,
        "precision": 0.8695652173913043,
        "f1": 0.7017543859649122
    },
    "kite": {
        "true_pos": 72,
        "false_pos": 0,
        "true_neg": 4865,
        "false_neg": 15,
        "recall": 0.8275862068965517,
        "precision": 1.0,
        "f1": 0.9056603773584906
    },
    "baseball bat": {
        "true_pos": 73,
        "false_pos": 15,
        "true_neg": 4839,
        "false_neg": 25,
        "recall": 0.7448979591836735,
        "precision": 0.8295454545454546,
        "f1": 0.7849462365591398
    },
    "baseball glove": {
        "true_pos": 94,
        "false_pos": 17,